{
  "oldParams": true,
  "wave_type": 2,
  "p_env_attack": -0.08864428364212686,
  "p_env_sustain": 0.08497728122608839,
  "p_env_punch": 0.5173925312705873,
  "p_env_decay": -0.22949846019087916,
  "p_base_freq": 0.9314692977007047,
  "p_freq_limit": 0,
  "p_freq_ramp": -0.7087134135150152,
  "p_freq_dramp": 0.11740268710590189,
  "p_vib_strength": -0.004692905037493075,
  "p_vib_speed": -0.17763557674356867,
  "p_arp_mod": 0.03372317004631372,
  "p_arp_speed": -0.11074457622852224,
  "p_duty": -0.04646005402456221,
  "p_duty_ramp": -0.04015321438737059,
  "p_repeat_speed": 0,
  "p_pha_offset": -0.009330348556834428,
  "p_pha_ramp": 0.014989807752963352,
  "p_lpf_freq": 1.066110079522662,
  "p_lpf_ramp": 0.06867472139656623,
  "p_lpf_resonance": 0.21474003553022153,
  "p_hpf_freq": 0.708,
  "p_hpf_ramp": -0.07563563174938594,
  "sound_vol": 0.678,
  "sample_rate": 44100,
  "sample_size": 8,
  "p_vib_delay": null
}
